merchant_id,merchant_tier,merchant_category,is_kyc_verified,avg_txn_value,chargeback_rate
M_41485,small,kirana,0.0,959.539485994004,0.2015252495644818
M_65619,micro,kirana,0.0,720.4498255896642,0.1044529602016848
M_69417,enterprise,restaurant,1.0,1017.7193788893628,0.152961655989408
M_50614,small,marketplace,1.0,670.0924616778582,0.2403204603067028
M_28761,micro,kirana,0.0,1721.407253094634,0.0327063773819543
M_8802,enterprise,kirana,0.0,3323.510087985274,0.3389932478348474
M_79940,small,kirana,1.0,510.307208843332,0.1088628125583037
M_73811,small,digital_goods,0.0,280.6211060049147,0.1262976122362638
M_10768,micro,delivery,1.0,1258.692689481208,0.065588668973803
M_2335,micro,delivery,1.0,1847.302088986288,0.0786662960374071
M_12450,micro,services,0.0,2778.154955073605,0.3204398787335742
M_44846,medium,restaurant,1.0,383.0674369801413,0.1199049734599841
M_51035,enterprise,delivery,0.0,708.9220866219955,0.1425431917871318
M_66947,micro,restaurant,1.0,2887.983117501645,0.2774359324928442
M_80401,small,restaurant,1.0,1010.106061582002,0.1477273854435825
M_65968,small,delivery,0.0,2088.6759733282693,0.2570528977084763
M_91186,small,digital_goods,1.0,1189.6383469429009,0.1181050937221948
M_11292,micro,services,1.0,1016.4474201114514,0.1064164565567262
M_43272,small,services,0.0,1886.7064938243127,0.2722413401557617
M_55422,medium,restaurant,0.0,1554.89701650685,0.1087911709484917
M_49084,micro,kirana,1.0,1800.503756797529,0.0747432702553998
M_18547,small,digital_goods,1.0,1677.387069387237,0.3074597343573108
M_86631,micro,digital_goods,1.0,859.2187824225821,0.3427827569203963
M_91900,micro,kirana,0.0,1943.2976738873608,0.1790791680085934
M_64650,small,delivery,0.0,1702.5276301533895,0.1781154401497268
M_68249,micro,kirana,1.0,1148.725701450221,0.0680820790734806
M_28179,medium,delivery,1.0,967.995826228108,0.0365907652997866
M_3872,enterprise,marketplace,1.0,1028.791706385447,0.0859019478694213
M_22538,micro,delivery,1.0,1009.6669740527016,0.3254647190193598
M_81614,small,delivery,1.0,1348.944905058665,0.0577957433815546
M_6856,micro,kirana,0.0,1546.2411730037095,0.1630300991280315
M_83486,micro,restaurant,1.0,1887.3686189623627,0.3617580200803968
M_26258,micro,kirana,0.0,2815.047007284163,0.2524913437651463
M_57653,micro,restaurant,0.0,1937.0336369758384,0.1912075500675222
M_6874,micro,digital_goods,1.0,2246.05474011749,0.0870959513645386
M_20820,small,delivery,0.0,475.68419816782233,0.0880345896425195
M_88290,micro,kirana,1.0,1285.6734876173489,0.2626545884047158
M_70736,micro,restaurant,0.0,1326.4492264276375,0.119510753178845
M_61136,micro,kirana,1.0,446.2881414579276,0.0432874442408867
M_84666,micro,delivery,0.0,2955.731839502799,0.342283507707555
M_18178,micro,kirana,1.0,957.8507494649772,0.1826532724083003
M_35813,micro,kirana,0.0,2168.530351654259,0.1862576474313015
M_70643,small,restaurant,1.0,3116.640972600488,0.0855869097432268
